CREATE DATABASE BD_BANCO

USE BD_BANCO;
GO



CREATE TABLE CLIENTE
(
    COD_CLIENTE INT IDENTITY(1,1) PRIMARY KEY,
    NOMBRES VARCHAR(100) NOT NULL,
    APELLIDOS VARCHAR(100) NOT NULL,
    DNI CHAR(8) UNIQUE NOT NULL,
    DIRECCION VARCHAR(150) NOT NULL,
    TELEFONO VARCHAR(15) NOT NULL
);


CREATE TABLE CUENTA
(
    COD_CUENTA INT IDENTITY(1,1) PRIMARY KEY,
    COD_CLIENTE INT NOT NULL,
    NUMERO_CUENTA VARCHAR(20) UNIQUE NOT NULL,
    SALDO DECIMAL(10,2) NOT NULL,
    ESTADO VARCHAR(20) NOT NULL,
    CONSTRAINT FK_CUENTA_CLIENTE
        FOREIGN KEY (COD_CLIENTE)
        REFERENCES CLIENTE(COD_CLIENTE)
);


CREATE TABLE TRANSACCION
(
    COD_TRANSACCION INT IDENTITY(1,1) PRIMARY KEY,
    COD_CUENTA INT NOT NULL,
    TIPO VARCHAR(50) NOT NULL,
    MONTO DECIMAL(10,2) NOT NULL,
    FECHA DATE NOT NULL,
    CONSTRAINT FK_TRANSACCION_CUENTA
        FOREIGN KEY (COD_CUENTA)
        REFERENCES CUENTA(COD_CUENTA)
);


CREATE TABLE COMPROBANTE
(
    COD_COMPROBANTE INT IDENTITY(1,1) PRIMARY KEY,
    COD_TRANSACCION INT NOT NULL,
    TIPO VARCHAR(50) NOT NULL,
    FECHA DATE NOT NULL,
    TOTAL DECIMAL(10,2) NOT NULL,
    CONSTRAINT FK_COMPROBANTE_TRANSACCION
        FOREIGN KEY (COD_TRANSACCION)
        REFERENCES TRANSACCION(COD_TRANSACCION)
);


CREATE TABLE AUDITORIA
(
    COD_AUDITORIA INT IDENTITY(1,1) PRIMARY KEY,
    COD_CLIENTE INT NOT NULL,
    COD_CUENTA INT NOT NULL,
    COD_TRANSACCION INT NOT NULL,
    COD_COMPROBANTE INT NOT NULL,
    USUARIO_SISTEMA VARCHAR(100) NOT NULL,
    ACCION_REALIZADA VARCHAR(150) NOT NULL,
    FECHA_REGISTRO DATETIME NOT NULL DEFAULT GETDATE(),

    CONSTRAINT FK_AUDITORIA_CLIENTE
        FOREIGN KEY (COD_CLIENTE) REFERENCES CLIENTE(COD_CLIENTE),

    CONSTRAINT FK_AUDITORIA_CUENTA
        FOREIGN KEY (COD_CUENTA) REFERENCES CUENTA(COD_CUENTA),

    CONSTRAINT FK_AUDITORIA_TRANSACCION
        FOREIGN KEY (COD_TRANSACCION) REFERENCES TRANSACCION(COD_TRANSACCION),

    CONSTRAINT FK_AUDITORIA_COMPROBANTE
        FOREIGN KEY (COD_COMPROBANTE) REFERENCES COMPROBANTE(COD_COMPROBANTE)
);


INSERT INTO CLIENTE (NOMBRES, APELLIDOS, DNI, DIRECCION, TELEFONO) VALUES
('Bernardo', 'Gutierrez', '87654321', 'AV.Lima', '985623541'),
('Juan', 'Perez', '12345678', 'AV.Lima', '999888777'),
('Maria', 'Lopez', '87654322', 'AV.Arequipa', '988777666'),
('Lucia', 'Martinez', '55664514', 'AV.Bolivia', '945524565'),
('Floreslid', 'Yajahuanca', '78156472', 'AV. Jose Barton', '925867698'),
('Walter', 'Soto', '76652875', 'JR. El Arbolito', '926869569'),
('Angel', 'Garcia', '76652856', 'Jr. garcilazo', '928754544'),
('Marcos', 'Ramos', '02245648', 'Jr.velazque', '925658558'),
('Juana', 'Quispe', '22553623', 'AV. pachitea', '948554219'),
('Fernando', 'Neira', '80569875', 'AV.Conquistadores', '968749682');

INSERT INTO CUENTA (COD_CLIENTE, NUMERO_CUENTA, SALDO, ESTADO) VALUES
(1,'001-1234521225-42',1500.00,'ACTIVA'),
(2,'002-4565545565-65',2200.00,'ACTIVA'),
(3,'003-4578956894-55',1800.00,'ACTIVA'),
(4,'004-7855415525-21',2500.00,'ACTIVA'),
(5,'005-4585116561-11',900.00,'INACTIVA'),
(6,'006-5565522552-21',3000.00,'ACTIVA'),
(7,'001-3265969985-32',3000.00,'ACTIVA'),
(8,'006-6625897483-89',9000.00,'ACTIVA'),
(9,'001-8865978445-87',100000.00,'INACTIVA'),
(10,'010-5965874444-78',1800.00,'ACTIVA');

INSERT INTO TRANSACCION (COD_CUENTA, TIPO, MONTO, FECHA) VALUES
(1, 'Deposito', 1500, '2024-01-01'),
(2, 'Retiro', 300, '2024-01-02'),
(3, 'Deposito', 2000, '2024-01-03'),
(4, 'Deposito', 1200, '2024-01-04'),
(5, 'Retiro', 100, '2024-01-05'),
(6, 'Deposito', 2500, '2024-01-06'),
(7, 'Retiro', 700, '2024-01-07'),
(8, 'Deposito', 3000, '2024-01-08'),
(9, 'Deposito', 5000, '2024-01-09'),
(10, 'Retiro', 400, '2024-01-10');

INSERT INTO COMPROBANTE (COD_TRANSACCION, TIPO, FECHA, TOTAL) VALUES
(1, 'Boleta', '2024-01-01', 1500),
(2, 'Boleta', '2024-01-02', 300),
(3, 'Factura', '2024-01-03', 2000),
(4, 'Factura', '2024-01-04', 1200),
(5, 'Boleta', '2024-01-05', 100),
(6, 'Factura', '2024-01-06', 2500),
(7, 'Boleta', '2024-01-07', 700),
(8, 'Factura', '2024-01-08', 3000),
(9, 'Factura', '2024-01-09', 5000),
(10, 'Boleta', '2024-01-10', 400);

INSERT INTO AUDITORIA (COD_CLIENTE, COD_CUENTA, COD_TRANSACCION, COD_COMPROBANTE, USUARIO_SISTEMA, ACCION_REALIZADA)
VALUES
(1, 1, 1, 1, 'admin', 'Registro deposito inicial'),
(2, 2, 2, 2, 'admin', 'Registro retiro'),
(3, 3, 3, 3, 'admin', 'Registro deposito'),
(4, 4, 1, 1, 'admin', 'Movimiento cuenta cliente'),
(5, 5, 2, 2, 'admin', 'Retiro en cuenta'),
(6, 6, 3, 3, 'admin', 'Deposito realizado'),
(7, 7, 1, 1, 'sistema', 'Validacion transaccion'),
(8, 8, 2, 2, 'sistema', 'Control de retiro'),
(9, 9, 3, 3, 'sistema', 'Deposito alto monto'),
(10, 10, 1, 1, 'admin', 'Registro final de operacion');


SELECT * FROM CLIENTE
SELECT * FROM CUENTA
SELECT * FROM TRANSACCION
SELECT * FROM COMPROBANTE
SELECT * FROM AUDITORIA

